"Country","City","Record Id","DIDWW Setup","Sticky Setup","DIDWW Monthly","Sticky Monthly","Restricted - Manual Verification","Reseller - Non API Access","Blocked"
"Algeria(213)","National VOIP(983)","831","","","","10.0000","","",""
"Argentina(54)","Bahia Blanca(291)","266","","","","10.0000","","",""
"Argentina(54)","Buenos Aires(11)","11","","","","10.0000","","",""
"Argentina(54)","Cordoba(351)","58","","","","10.0000","","",""
"Argentina(54)","Corrientes(3794)","1464","","","","10.0000","","",""
"Argentina(54)","La Plata(221)","56","","","","10.0000","","","Yes"
"Argentina(54)","Lujan(2323)","461","","","","10.0000","","",""
"Argentina(54)","Mar Del Plata(223)","55","","","","10.0000","","",""
"Argentina(54)","Mendoza(261)","57","","","","10.0000","","",""
"Argentina(54)","Neuquen(299)","308","","","","10.0000","","",""
"Argentina(54)","Parana(3434)","462","","","","10.0000","","",""
"Argentina(54)","Pilar(2304)","463","","","","10.0000","","",""
"Argentina(54)","Resistencia(3624)","464","","","","10.0000","","",""
"Argentina(54)","Rosario(341)","59","","","","10.0000","","",""
"Argentina(54)","Salta(3874)","465","","","","10.0000","","",""
"Argentina(54)","San Juan(264)","466","","","","10.0000","","",""
"Argentina(54)","San Luis(2664)","271","","","","10.0000","","",""
"Argentina(54)","Santa Fe(342)","268","","","","10.0000","","",""
"Argentina(54)","Tandil(2494)","467","","","","10.0000","","",""
"Argentina(54)","Tucuman(381)","409","","","","10.0000","","",""
"Argentina(54)","Villa Mercedes(2657)","1465","","","","10.0000","","",""
"Australia(61)","Adelaide(87)","130","","","","10.0000","","",""
"Australia(61)","Brisbane(73)","134","","","","10.0000","","",""
"Australia(61)","Canberra(26)","132","","","","10.0000","","",""
"Australia(61)","Darwin(88)","133","","","","10.0000","","",""
"Australia(61)","Gold Coast(7)","474","","","","10.0000","","",""
"Australia(61)","Hobart(36)","903","","","","10.0000","","",""
"Australia(61)","Launceston(363)","918","","","","10.0000","","",""
"Australia(61)","Melbourne(39)","129","","","","10.0000","","",""
"Australia(61)","Newcastle(24)","904","","","","10.0000","","",""
"Australia(61)","Perth(86)","131","","","","10.0000","","",""
"Australia(61)","Sydney(28)","622","","","","10.0000","","",""
"Australia(61)","Sydney(29)","17","","","","10.0000","","",""
"Australia(61)","Townsville(747)","921","","","","10.0000","","",""
"Australia(61)","Wollongong(242)","920","","","","10.0000","","",""
"Austria(43)","Linz(732)","1692","","","","10.0000","Yes","",""
"Austria(43)","National(720)","175","","","","10.0000","Yes","",""
"Austria(43)","Salzburg(662)","1691","","","","10.0000","Yes","",""
"Austria(43)","Vienna(1)","444","","","","10.0000","","",""
"Austria(43)","Virtual PRI(0)","1617","","","","10.0000","Yes","",""
"Bahrain(973)","Manama(1)","624","","","","10.0000","Yes","",""
"Belgium(32)","Antwerp(3)","197","","","","10.0000","Yes","",""
"Belgium(32)","Brussels(2)","196","","","","10.0000","Yes","",""
"Belgium(32)","Charleroi(71)","489","","","","10.0000","Yes","",""
"Belgium(32)","Ghent(9)","198","","","","10.0000","Yes","",""
"Belgium(32)","Hasselt(11)","439","","","","10.0000","Yes","",""
"Belgium(32)","Kortrijk(56)","1626","","","","10.0000","Yes","",""
"Belgium(32)","Leuven(16)","484","","","","10.0000","Yes","",""
"Belgium(32)","Liege(4)","486","","","","10.0000","Yes","",""
"Belgium(32)","National(78)","1386","","","","10.0000","Yes","",""
"Belgium(32)","Virtual PRI(0)","1247","","","","10.0000","Yes","",""
"Brazil(55)","Belem(91)","1493","","","","10.0000","","",""
"Brazil(55)","Belo Horizonte(31)","153","","","","10.0000","","",""
"Brazil(55)","Brasilia(61)","270","","","","10.0000","","",""
"Brazil(55)","Campinas(19)","391","","","","10.0000","","",""
"Brazil(55)","Caxias Do Sul(54)","397","","","","10.0000","","",""
"Brazil(55)","Cuiaba(65)","781","","","","10.0000","","",""
"Brazil(55)","Curitiba(41)","269","","","","10.0000","","",""
"Brazil(55)","Florianapolis(48)","143","","","","10.0000","","",""
"Brazil(55)","Fortaleza(85)","144","","","","10.0000","","",""
"Brazil(55)","Goiania(62)","359","","","","10.0000","","",""
"Brazil(55)","Governador Valadares(33)","1427","","","","10.0000","","",""
"Brazil(55)","Joinville(47)","393","","","","10.0000","","",""
"Brazil(55)","Londrina(43)","394","","","","10.0000","","",""
"Brazil(55)","Manaus(92)","1494","","","","10.0000","","",""
"Brazil(55)","Marilia(14)","400","","","","10.0000","","",""
"Brazil(55)","Porto Alegre(51)","392","","","","10.0000","","",""
"Brazil(55)","Recife(81)","620","","","","10.0000","","",""
"Brazil(55)","Rio De Janeiro(21)","27","","","","10.0000","","",""
"Brazil(55)","Salvador(71)","399","","","","10.0000","","",""
"Brazil(55)","Santos(13)","396","","","","10.0000","","",""
"Brazil(55)","Sao Jose Do Rio Pret(17)","1492","","","","10.0000","","",""
"Brazil(55)","Sao Jose Dos Campos(12)","395","","","","10.0000","","",""
"Brazil(55)","Sao Paulo(11)","79","","","","10.0000","","",""
"Brazil(55)","Sorocaba(15)","398","","","","10.0000","","",""
"Brazil(55)","Virtual PRI(0)","1654","","","","10.0000","","",""
"Brazil(55)","Vitoria(27)","295","","","","10.0000","","",""
"Bulgaria(359)","Burgas(56)","1695","","","","10.0000","","",""
"Bulgaria(359)","Plovdiv(32)","1696","","","","10.0000","","",""
"Bulgaria(359)","Sofia(2)","228","","","","10.0000","","",""
"Bulgaria(359)","Varna(52)","1694","","","","10.0000","","",""
"Canada(1)","Ajax-Pickering(289)","642","","","","10.0000","","",""
"Canada(1)","Aldergrove(604)","1557","","","","10.0000","","",""
"Canada(1)","Ancaster(289)","718","","","","10.0000","","",""
"Canada(1)","Aurora(289)","715","","","","10.0000","","",""
"Canada(1)","Aurora(905)","999","","","","10.0000","","",""
"Canada(1)","Barrie(705)","643","","","","10.0000","","",""
"Canada(1)","Belleville(613)","1316","","","","10.0000","","",""
"Canada(1)","Beloeil(450)","749","","","","10.0000","","",""
"Canada(1)","Bolton(289)","722","","","","10.0000","","",""
"Canada(1)","Borden-Angus(705)","765","","","","10.0000","","",""
"Canada(1)","Boucherville(450)","751","","","","10.0000","","",""
"Canada(1)","Bourget(613)","1428","","","","10.0000","","",""
"Canada(1)","Bowmanville(289)","730","","","","10.0000","","",""
"Canada(1)","Brampton(289)","1373","","","","10.0000","","",""
"Canada(1)","Brampton(905)","516","","","","10.0000","","",""
"Canada(1)","Brantford(519)","739","","","","10.0000","","",""
"Canada(1)","Brockville(613)","1401","","","","10.0000","","",""
"Canada(1)","Burlington(289)","418","","","","10.0000","","",""
"Canada(1)","Burlington(905)","1581","","","","10.0000","","",""
"Canada(1)","Calgary(403)","89","","","","10.0000","","",""
"Canada(1)","Calgary(587)","1387","","","","10.0000","","",""
"Canada(1)","Canmore(403)","415","","","","10.0000","","",""
"Canada(1)","Castlemore(905)","1582","","","","10.0000","","",""
"Canada(1)","Chambly(450)","753","","","","10.0000","","",""
"Canada(1)","Charlottetown(902)","1529","","","","10.0000","","",""
"Canada(1)","Chateauguay(450)","1411","","","","10.0000","","",""
"Canada(1)","Chatham(226)","1410","","","","10.0000","","",""
"Canada(1)","Chatham(519)","997","","","","10.0000","","",""
"Canada(1)","Chicoutimi(581)","1414","","","","10.0000","","",""
"Canada(1)","Clarkson(905)","1637","","","","10.0000","","",""
"Canada(1)","Cloverdale(604)","1085","","","","10.0000","","",""
"Canada(1)","Cooksville(289)","740","","","","10.0000","","",""
"Canada(1)","Cooksville(905)","996","","","","10.0000","","",""
"Canada(1)","Cornwall(613)","1319","","","","10.0000","","",""
"Canada(1)","Drummondville(819)","704","","","","10.0000","","",""
"Canada(1)","Dundas(905)","1479","","","","10.0000","","",""
"Canada(1)","Edmonton(587)","1685","","","","10.0000","","",""
"Canada(1)","Edmonton(780)","88","","","","10.0000","","",""
"Canada(1)","Emeryville(519)","1602","","","","10.0000","","",""
"Canada(1)","Fort Erie(289)","873","","","","10.0000","","",""
"Canada(1)","Fort Frances(807)","1392","","","","10.0000","","",""
"Canada(1)","Fort Langley(604)","1000","","","","10.0000","","",""
"Canada(1)","Gatineau(819)","756","","","","10.0000","","",""
"Canada(1)","Gloucester(613)","1607","","","","10.0000","","",""
"Canada(1)","Gormley(905)","1555","","","","10.0000","","",""
"Canada(1)","Granby(450)","1398","","","","10.0000","","",""
"Canada(1)","Grimsby(289)","720","","","","10.0000","","",""
"Canada(1)","Guelph(226)","1311","","","","10.0000","","",""
"Canada(1)","Guelph(519)","1615","","","","10.0000","","",""
"Canada(1)","Halifax(902)","104","","","","10.0000","","",""
"Canada(1)","Hamilton(289)","1363","","","","10.0000","","",""
"Canada(1)","Hamilton(905)","103","","","","10.0000","","",""
"Canada(1)","Hespeler(226)","1391","","","","10.0000","","",""
"Canada(1)","Hespeler(519)","1577","","","","10.0000","","",""
"Canada(1)","Hull(819)","716","","","","10.0000","","",""
"Canada(1)","Huntsville(705)","1390","","","","10.0000","","",""
"Canada(1)","Ile-Perrot(514)","750","","","","10.0000","","",""
"Canada(1)","Jockvale(613)","1549","","","","10.0000","","",""
"Canada(1)","Joliette(450)","758","","","","10.0000","","",""
"Canada(1)","Kanata(613)","411","","","","10.0000","","",""
"Canada(1)","Kanata-Stittsville(613)","1409","","","","10.0000","","",""
"Canada(1)","Keswick(905)","1590","","","","10.0000","","",""
"Canada(1)","King City(289)","723","","","","10.0000","","",""
"Canada(1)","Kingston(613)","412","","","","10.0000","","",""
"Canada(1)","Kitchener(519)","102","","","","10.0000","","",""
"Canada(1)","Kitchener-Waterloo(226)","711","","","","10.0000","","",""
"Canada(1)","Kleinburg(289)","725","","","","10.0000","","",""
"Canada(1)","La Prairie(450)","755","","","","10.0000","","",""
"Canada(1)","Lachine(514)","752","","","","10.0000","","",""
"Canada(1)","Langley(604)","911","","","","10.0000","","",""
"Canada(1)","Laval - Chomedey(450)","742","","","","10.0000","","",""
"Canada(1)","Laval-Est(450)","743","","","","10.0000","","",""
"Canada(1)","Laval-Ouest(450)","745","","","","10.0000","","",""
"Canada(1)","Laval-Pont-Viau(450)","1394","","","","10.0000","","",""
"Canada(1)","Lefroy(705)","1604","","","","10.0000","","",""
"Canada(1)","Levis(581)","1683","","","","10.0000","","",""
"Canada(1)","Listowel(519)","1370","","","","10.0000","","",""
"Canada(1)","London(226)","1312","","","","10.0000","","",""
"Canada(1)","London(519)","101","","","","10.0000","","",""
"Canada(1)","Longueuil(450)","748","","","","10.0000","","",""
"Canada(1)","Magog(819)","1684","","","","10.0000","","",""
"Canada(1)","Malton(905)","1589","","","","10.0000","","",""
"Canada(1)","Manotick(613)","1478","","","","10.0000","","",""
"Canada(1)","Maple(289)","726","","","","10.0000","","",""
"Canada(1)","Maple(905)","1530","","","","10.0000","","",""
"Canada(1)","Marieville(450)","757","","","","10.0000","","",""
"Canada(1)","Markham(289)","714","","","","10.0000","","",""
"Canada(1)","Markham(905)","1592","","","","10.0000","","",""
"Canada(1)","Midland(705)","1603","","","","10.0000","","",""
"Canada(1)","Milton(289)","728","","","","10.0000","","",""
"Canada(1)","Milton(905)","1578","","","","10.0000","","",""
"Canada(1)","Mississauga - Malton(289)","737","","","","10.0000","","",""
"Canada(1)","Moncton(506)","1010","","","","10.0000","","",""
"Canada(1)","Montreal(438)","1625","","","","10.0000","","",""
"Canada(1)","Montreal(514)","96","","","","10.0000","","",""
"Canada(1)","New Westminster(604)","735","","","","10.0000","","",""
"Canada(1)","Newmarket(289)","705","","","","10.0000","","",""
"Canada(1)","Newmarket(905)","1608","","","","10.0000","","",""
"Canada(1)","Newton(604)","1597","","","","10.0000","","",""
"Canada(1)","Niagara Falls(289)","712","","","","10.0000","","",""
"Canada(1)","Niagara Falls(905)","1639","","","","10.0000","","",""
"Canada(1)","Niagara-on-the-lake(289)","713","","","","10.0000","","",""
"Canada(1)","North Bay(705)","1317","","","","10.0000","","",""
"Canada(1)","North Vancouver(604)","736","","","","10.0000","","",""
"Canada(1)","Oak Ridges(289)","734","","","","10.0000","","",""
"Canada(1)","Oakbank(204)","1389","","","","10.0000","","",""
"Canada(1)","Oakville(289)","518","","","","10.0000","","",""
"Canada(1)","Oakville(905)","1580","","","","10.0000","","",""
"Canada(1)","Orillia(705)","721","","","","10.0000","","",""
"Canada(1)","Orleans(613)","1084","","","","10.0000","","",""
"Canada(1)","Oshawa(905)","639","","","","10.0000","","",""
"Canada(1)","Oshawa(289)","1383","","","","10.0000","","",""
"Canada(1)","Ottawa(613)","275","","","","10.0000","","",""
"Canada(1)","Ottawa-Hull(613)","995","","","","10.0000","","",""
"Canada(1)","Owen Sound(226)","1400","","","","10.0000","","",""
"Canada(1)","Paris(519)","1440","","","","10.0000","","",""
"Canada(1)","Parry Sound(705)","1393","","","","10.0000","","",""
"Canada(1)","Peterborough(705)","733","","","","10.0000","","",""
"Canada(1)","Pitt Meadows(604)","1650","","","","10.0000","","",""
"Canada(1)","Pointe Claire(514)","754","","","","10.0000","","",""
"Canada(1)","Port Credit(905)","1588","","","","10.0000","","",""
"Canada(1)","Port Lambton(519)","1680","","","","10.0000","","",""
"Canada(1)","Quebec(418)","97","","","","10.0000","","",""
"Canada(1)","Quebec(581)","1656","","","","10.0000","","",""
"Canada(1)","Regina(306)","1384","","","","10.0000","","",""
"Canada(1)","Richmond(604)","416","","","","10.0000","","",""
"Canada(1)","Richmond Hill(289)","732","","","","10.0000","","",""
"Canada(1)","Richmond Hill(905)","1421","","","","10.0000","","",""
"Canada(1)","Roxboro(514)","746","","","","10.0000","","",""
"Canada(1)","Sarnia(226)","1406","","","","10.0000","","",""
"Canada(1)","Saskatoon(306)","1653","","","","10.0000","","",""
"Canada(1)","Sault Ste Marie(705)","1318","","","","10.0000","","",""
"Canada(1)","Shawinigan(819)","1416","","","","10.0000","","",""
"Canada(1)","Sherbrooke(819)","640","","","","10.0000","","",""
"Canada(1)","Smiths Falls(613)","1402","","","","10.0000","","",""
"Canada(1)","Sorel(450)","1405","","","","10.0000","","",""
"Canada(1)","South Pickering(289)","741","","","","10.0000","","",""
"Canada(1)","St Bruno(450)","759","","","","10.0000","","",""
"Canada(1)","St Catharines(289)","1364","","","","10.0000","","",""
"Canada(1)","St Catherines(905)","517","","","","10.0000","","",""
"Canada(1)","St Hyacinthe(450)","1399","","","","10.0000","","",""
"Canada(1)","St Jacobs(519)","1635","","","","10.0000","","",""
"Canada(1)","St Jean(450)","1396","","","","10.0000","","",""
"Canada(1)","St Jerome(450)","693","","","","10.0000","","",""
"Canada(1)","St Johns(709)","719","","","","10.0000","","",""
"Canada(1)","St Julie-deVercheres(450)","760","","","","10.0000","","",""
"Canada(1)","St Lambert(450)","762","","","","10.0000","","",""
"Canada(1)","St Marc(450)","764","","","","10.0000","","",""
"Canada(1)","St Rose(450)","766","","","","10.0000","","",""
"Canada(1)","St Thomas(226)","1528","","","","10.0000","","",""
"Canada(1)","St-Pie(450)","1634","","","","10.0000","","",""
"Canada(1)","St-Vincent-de-Paul(450)","747","","","","10.0000","","",""
"Canada(1)","Ste-Genevieve(514)","744","","","","10.0000","","",""
"Canada(1)","Ste-Therase(450)","1413","","","","10.0000","","",""
"Canada(1)","Stoney Creek(289)","717","","","","10.0000","","",""
"Canada(1)","Stoney Creek(905)","1445","","","","10.0000","","",""
"Canada(1)","Stouffville(289)","724","","","","10.0000","","",""
"Canada(1)","Stratford(226)","1403","","","","10.0000","","",""
"Canada(1)","Stratford(519)","1619","","","","10.0000","","",""
"Canada(1)","Streetsville(289)","738","","","","10.0000","","",""
"Canada(1)","Streetsville(905)","1547","","","","10.0000","","",""
"Canada(1)","Stroud(705)","942","","","","10.0000","","",""
"Canada(1)","Sudbury(705)","729","","","","10.0000","","",""
"Canada(1)","Tecumseh(519)","1633","","","","10.0000","","",""
"Canada(1)","Terrebonne(450)","1404","","","","10.0000","","",""
"Canada(1)","Thetford Mines(581)","1415","","","","10.0000","","",""
"Canada(1)","Thornhill(289)","1407","","","","10.0000","","",""
"Canada(1)","Thornhill(905)","420","","","","10.0000","","",""
"Canada(1)","Toll-free(888)","840","","","","10.0000","","",""
"Canada(1)","Toronto(416)","91","","","","10.0000","","",""
"Canada(1)","Toronto(647)","276","","","","10.0000","","",""
"Canada(1)","Trenton(613)","1666","","","","10.0000","","",""
"Canada(1)","Trois-Rivieres(819)","644","","","","10.0000","","",""
"Canada(1)","Unionville(289)","1408","","","","10.0000","","",""
"Canada(1)","Unionville(905)","410","","","","10.0000","","",""
"Canada(1)","Vancouver(604)","366","","","","10.0000","","",""
"Canada(1)","Vancouver(778)","94","","","","10.0000","","",""
"Canada(1)","Varennes(450)","763","","","","10.0000","","",""
"Canada(1)","Vercheres(450)","761","","","","10.0000","","",""
"Canada(1)","Victoria(250)","105","","","","10.0000","","",""
"Canada(1)","Victoria(778)","913","","","","10.0000","","",""
"Canada(1)","Victoriaville(819)","1417","","","","10.0000","","",""
"Canada(1)","Wawa(705)","1497","","","","10.0000","","",""
"Canada(1)","West Vancouver(604)","1388","","","","10.0000","","",""
"Canada(1)","Whalley(604)","417","","","","10.0000","","",""
"Canada(1)","Whitby(289)","731","","","","10.0000","","",""
"Canada(1)","White Rock(604)","1624","","","","10.0000","","",""
"Canada(1)","Windsor(902)","1008","","","","10.0000","","",""
"Canada(1)","Windsor(519)","309","","","","10.0000","","",""
"Canada(1)","Winnipeg(204)","99","","","","10.0000","","",""
"Canada(1)","Woodbridge(289)","727","","","","10.0000","","",""
"Chile(56)","Antofagasta(55)","1323","","","","10.0000","","",""
"Chile(56)","Arica(582)","1326","","","","10.0000","","",""
"Chile(56)","Concepcion(41)","1321","","","","10.0000","","",""
"Chile(56)","Copiapo(52)","1365","","","","10.0000","","",""
"Chile(56)","Iquique(57)","1324","","","","10.0000","","",""
"Chile(56)","La Serena(51)","1322","","","","10.0000","","",""
"Chile(56)","National(44)","1524","","","","10.0000","","",""
"Chile(56)","Santiago(2)","137","","","","10.0000","","",""
"Chile(56)","Talca(71)","1325","","","","10.0000","","",""
"Chile(56)","Temuco(45)","1371","","","","10.0000","","",""
"Chile(56)","Valdivia(63)","1327","","","","10.0000","","",""
"Chile(56)","Valparaiso(32)","1320","","","","10.0000","","",""
"China(86)","Beijing(10)","491","","","","10.0000","Yes","",""
"China(86)","Guangzhou(20)","572","","","","10.0000","Yes","",""
"China(86)","Shenzhen(755)","571","","","","10.0000","Yes","",""
"China(86)","Tianjin(22)","612","","","","10.0000","Yes","",""
"Colombia(57)","Barranquilla(5)","1447","","","","10.0000","","",""
"Colombia(57)","Bogota(1)","657","","","","10.0000","","",""
"Colombia(57)","Cali(2)","483","","","","10.0000","","",""
"Colombia(57)","Medellin(4)","1446","","","","10.0000","","",""
"Costa Rica(506)","National VOIP(4)","1299","","","","10.0000","Yes","",""
"Croatia(385)","Dubrovnik(20)","829","","","","10.0000","","",""
"Croatia(385)","Istria County(52)","1453","","","","10.0000","","",""
"Croatia(385)","Osijek(31)","477","","","","10.0000","","",""
"Croatia(385)","Rijeka(51)","479","","","","10.0000","","",""
"Croatia(385)","Split(21)","478","","","","10.0000","","",""
"Croatia(385)","Zadar(23)","480","","","","10.0000","","",""
"Croatia(385)","Zagreb(1)","476","","","","10.0000","","",""
"Cyprus(357)","Larnaca(24)","235","","","","10.0000","","",""
"Cyprus(357)","Limassol(25)","236","","","","10.0000","","",""
"Cyprus(357)","Nicosia(22)","599","","","","10.0000","","",""
"Cyprus(357)","Paphos(26)","773","","","","10.0000","","",""
"Czech Republic(420)","Brno(51)","1651","","","","10.0000","","",""
"Czech Republic(420)","Brno(53)","652","","","","10.0000","","",""
"Czech Republic(420)","Ceske Budejovice(38)","649","","","","10.0000","","",""
"Czech Republic(420)","Karlovy Vary(35)","646","","","","10.0000","","",""
"Czech Republic(420)","Liberec(48)","650","","","","10.0000","","",""
"Czech Republic(420)","Ostrava(558)","645","","","","10.0000","","",""
"Czech Republic(420)","Pardubice(46)","653","","","","10.0000","","",""
"Czech Republic(420)","Plzen(37)","651","","","","10.0000","","",""
"Czech Republic(420)","Prague(2)","199","","","","10.0000","","",""
"Czech Republic(420)","Virtual PRI(0)","1251","","","","10.0000","","",""
"Denmark(45)","National(4)","1215","","","","10.0000","","",""
"Denmark(45)","National(6)","419","","","","10.0000","","",""
"Denmark(45)","National(7)","243","","","","10.0000","","",""
"Dominican Republic(1)","Santiago(829)","841","","","","10.0000","","",""
"Dominican Republic(1)","Santiago(849)","1595","","","","10.0000","","",""
"Dominican Republic(1)","Santo Domingo(849)","1594","","","","10.0000","","",""
"Dominican Republic(1)","Santo Domingo(829)","623","","","","10.0000","","",""
"Dominican Republic(1)","Virtual PRI(0)","1596","","","","10.0000","","",""
"El Salvador(503)","San Salvador(211)","265","","","","10.0000","","",""
"Estonia(372)","National(66)","1362","","","","10.0000","","Yes",""
"Estonia(372)","National(88)","1309","","","","10.0000","","",""
"Finland(358)","Helsinki(9)","226","","","","10.0000","","",""
"Finland(358)","Tampere(3)","577","","","","10.0000","","",""
"Finland(358)","Turku(2)","578","","","","10.0000","","",""
"Finland(358)","Virtual PRI(0)","1253","","","","10.0000","","",""
"France(33)","Bordeaux(5)","381","","","","10.0000","Yes","",""
"France(33)","Boulogne Billancourt(1)","372","","","","10.0000","Yes","",""
"France(33)","Lille(3)","376","","","","10.0000","Yes","",""
"France(33)","Lyon(4)","358","","","","10.0000","Yes","",""
"France(33)","Marseille(4)","355","","","","10.0000","Yes","",""
"France(33)","Nancy(3)","375","","","","10.0000","Yes","",""
"France(33)","Nantes(2)","373","","","","10.0000","Yes","",""
"France(33)","National(9)","383","","","","10.0000","Yes","",""
"France(33)","Nice(4)","380","","","","10.0000","Yes","",""
"France(33)","Paris(1)","15","","","","10.0000","Yes","",""
"France(33)","Rennes(2)","374","","","","10.0000","Yes","",""
"France(33)","Strasbourg(3)","377","","","","10.0000","Yes","",""
"France(33)","Toll Free(805)","1641","","","","10.0000","Yes","",""
"France(33)","Toulouse(5)","356","","","","10.0000","Yes","",""
"France(33)","Virtual PRI(0)","1556","","","","10.0000","Yes","",""
"Georgia(995)","National(706)","1593","","","","10.0000","Yes","",""
"Georgia(995)","Tbilisi(32)","538","","","","10.0000","Yes","",""
"Germany(49)","Augsburg(821)","1375","","","","10.0000","Yes","",""
"Germany(49)","Berlin(30)","540","","","","10.0000","Yes","",""
"Germany(49)","Bremen(421)","547","","","","10.0000","Yes","",""
"Germany(49)","Cologne(221)","543","","","","10.0000","Yes","",""
"Germany(49)","Dortmund(231)","539","","","","10.0000","Yes","",""
"Germany(49)","Dresden(351)","549","","","","10.0000","Yes","",""
"Germany(49)","Duisburg(203)","551","","","","10.0000","Yes","",""
"Germany(49)","Dusseldorf(211)","546","","","","10.0000","Yes","",""
"Germany(49)","Essen(201)","552","","","","10.0000","Yes","",""
"Germany(49)","Frankfurt(69)","544","","","","10.0000","Yes","",""
"Germany(49)","Hamburg(40)","541","","","","10.0000","Yes","",""
"Germany(49)","Hannover(511)","244","","","","10.0000","Yes","",""
"Germany(49)","Leipzig(341)","548","","","","10.0000","Yes","",""
"Germany(49)","Munich(89)","542","","","","10.0000","Yes","",""
"Germany(49)","Nuremberg(911)","550","","","","10.0000","Yes","",""
"Germany(49)","Stuttgart(711)","545","","","","10.0000","Yes","",""
"Germany(49)","Virtual PRI(0)","1254","","","","10.0000","Yes","",""
"Greece(30)","Athens(21)","368","","","","10.0000","Yes","",""
"Greece(30)","Heraklion(281)","983","","","","10.0000","Yes","",""
"Greece(30)","Patras(261)","984","","","","10.0000","Yes","",""
"Greece(30)","Thessaloniki(231)","369","","","","10.0000","Yes","",""
"Guatemala(502)","Guatemala City(2)","227","","","","10.0000","","",""
"Hong Kong(852)","National(2)","579","","","","10.0000","Yes","",""
"Hong Kong(852)","National(3)","232","","","","10.0000","Yes","",""
"Hungary(36)","Budapest(1)","60","","","","10.0000","Yes","",""
"Hungary(36)","Eger(36)","769","","","","10.0000","Yes","",""
"Hungary(36)","Esztergom(33)","772","","","","10.0000","Yes","",""
"Hungary(36)","Gyor(96)","68","","","","10.0000","Yes","",""
"Hungary(36)","Kiskunhalas(77)","64","","","","10.0000","Yes","",""
"Hungary(36)","Miskolc(46)","768","","","","10.0000","Yes","",""
"Hungary(36)","Sopron(99)","771","","","","10.0000","Yes","",""
"Hungary(36)","Szeged(62)","770","","","","10.0000","Yes","",""
"Hungary(36)","Szekesfehervar(22)","61","","","","10.0000","Yes","",""
"Hungary(36)","Szigetszentmiklos(24)","62","","","","10.0000","Yes","",""
"Hungary(36)","Szombathely(94)","67","","","","10.0000","Yes","",""
"Hungary(36)","Tatabanya(34)","63","","","","10.0000","Yes","",""
"Hungary(36)","Veszprem(88)","65","","","","10.0000","Yes","",""
"Hungary(36)","Virtual PRI(0)","1250","","","","10.0000","Yes","",""
"Hungary(36)","Zalaegerszeg(92)","66","","","","10.0000","Yes","",""
"Ireland(353)","Cork(21)","985","","","","10.0000","Yes","",""
"Ireland(353)","Donegal(74)","1011","","","","10.0000","Yes","",""
"Ireland(353)","Dublin(1)","208","","","","10.0000","Yes","",""
"Ireland(353)","Galway(91)","986","","","","10.0000","Yes","",""
"Ireland(353)","Limerick(61)","987","","","","10.0000","Yes","",""
"Ireland(353)","National(76)","207","","","","10.0000","Yes","",""
"Ireland(353)","Waterford(51)","988","","","","10.0000","Yes","",""
"Israel(972)","Beer Sheva(8)","908","","","","10.0000","","",""
"Israel(972)","Cellcom Mobile(52)","979","","","","10.0000","","",""
"Israel(972)","Hadera(4)","909","","","","10.0000","","",""
"Israel(972)","Haifa(4)","910","","","","10.0000","","",""
"Israel(972)","Herzlya(9)","127","","","","10.0000","","",""
"Israel(972)","Jerusalem(2)","122","","","","10.0000","","",""
"Israel(972)","National(73)","6","","","","10.0000","","",""
"Israel(972)","National(74)","1412","","","","10.0000","","",""
"Israel(972)","National(77)","4","","","","10.0000","","",""
"Israel(972)","Tel Aviv(3)","5","","","","10.0000","","",""
"Israel(972)","Virtual PRI(0)","1256","","","","10.0000","","",""
"Italy(39)","Bari(80)","451","","","","10.0000","Yes","",""
"Italy(39)","Bologna(51)","449","","","","10.0000","Yes","",""
"Italy(39)","Catania(95)","452","","","","10.0000","Yes","",""
"Italy(39)","Florence(55)","450","","","","10.0000","Yes","",""
"Italy(39)","Genoa(10)","448","","","","10.0000","Yes","",""
"Italy(39)","Milan(2)","211","","","","10.0000","Yes","",""
"Italy(39)","Modena(59)","881","","","","10.0000","Yes","",""
"Italy(39)","Naples(81)","453","","","","10.0000","Yes","",""
"Italy(39)","Palermo(91)","429","","","","10.0000","Yes","",""
"Italy(39)","Parma(521)","882","","","","10.0000","Yes","",""
"Italy(39)","Rome(6)","210","","","","10.0000","Yes","",""
"Italy(39)","Salerno(89)","696","","","","10.0000","Yes","",""
"Italy(39)","Torino(11)","428","","","","10.0000","Yes","",""
"Italy(39)","Treviso(422)","1315","","","","10.0000","Yes","",""
"Italy(39)","Venice(41)","785","","","","10.0000","Yes","",""
"Italy(39)","Virtual PRI(0)","1664","","","","10.0000","Yes","",""
"Japan(81)","Osaka(6)","629","","","","10.0000","Yes","",""
"Japan(81)","Tokyo(3)","123","","","","10.0000","Yes","",""
"Japan(81)","Yokohama(45)","702","","","","10.0000","Yes","",""
"Latvia(371)","Riga(67)","560","","","","10.0000","","",""
"Latvia(371)","Virtual PRI(0)","1546","","","","10.0000","","",""
"Liechtenstein(423)","Vaduz(37)","1660","","","","10.0000","","",""
"Lithuania(370)","Kaunas(37)","336","","","","10.0000","","",""
"Lithuania(370)","Klaipeda(46)","335","","","","10.0000","","",""
"Lithuania(370)","Mobile(665)","1627","","","","10.0000","","",""
"Lithuania(370)","Siauliai(41)","337","","","","10.0000","","",""
"Lithuania(370)","Vilnius(5)","69","","","","10.0000","","",""
"Lithuania(370)","Virtual PRI(0)","1310","","","","10.0000","","",""
"Luxembourg(352)","National VoIP(20)","70","","","","10.0000","","",""
"Luxembourg(352)","Virtual PRI(0)","1616","","","","10.0000","","",""
"Malaysia(60)","Kuala Lumpur(3)","363","","","","10.0000","Yes","",""
"Malaysia(60)","Redtone Mobile(15)","1233","","","","10.0000","Yes","",""
"Malta(356)","National(27)","625","","","","10.0000","","Yes",""
"Mexico(52)","Aguascalientes(449)","151","","","","10.0000","","",""
"Mexico(52)","Cdad Acuna(877)","1550","","","","10.0000","","",""
"Mexico(52)","Cdad Juarez(656)","149","","","","10.0000","","",""
"Mexico(52)","Cdad Victoria(834)","1551","","","","10.0000","","",""
"Mexico(52)","Celaya(461)","214","","","","10.0000","","",""
"Mexico(52)","Chihuahua(614)","1488","","","","10.0000","","",""
"Mexico(52)","Cuernavaca(777)","498","","","","10.0000","","",""
"Mexico(52)","Culiacan(667)","1366","","","","10.0000","","",""
"Mexico(52)","Durango(618)","496","","","","10.0000","","",""
"Mexico(52)","Guadalajara(33)","148","","","","10.0000","","",""
"Mexico(52)","Guanajuato(473)","1553","","","","10.0000","","",""
"Mexico(52)","Guaymas(622)","1367","","","","10.0000","","",""
"Mexico(52)","Hermosillo(662)","905","","","","10.0000","","",""
"Mexico(52)","Irapuato(462)","215","","","","10.0000","","",""
"Mexico(52)","Leon(477)","216","","","","10.0000","","",""
"Mexico(52)","Matamoros(868)","1489","","","","10.0000","","",""
"Mexico(52)","Mazatlan(669)","497","","","","10.0000","","",""
"Mexico(52)","Merida(999)","1490","","","","10.0000","","",""
"Mexico(52)","Mexicali(686)","906","","","","10.0000","","",""
"Mexico(52)","Mexico City DF(55)","106","","","","10.0000","","",""
"Mexico(52)","Monterrey(81)","152","","","","10.0000","","",""
"Mexico(52)","Morelia(443)","146","","","","10.0000","","",""
"Mexico(52)","Nogales(631)","907","","","","10.0000","","",""
"Mexico(52)","Nuevo Laredo(867)","217","","","","10.0000","","",""
"Mexico(52)","Pachuca De Soto(771)","1477","","","","10.0000","","",""
"Mexico(52)","Piedras Negras(878)","1552","","","","10.0000","","",""
"Mexico(52)","Puebla(222)","218","","","","10.0000","","",""
"Mexico(52)","Queretaro(442)","147","","","","10.0000","","",""
"Mexico(52)","Reynosa(899)","500","","","","10.0000","","",""
"Mexico(52)","Saltillo(844)","219","","","","10.0000","","",""
"Mexico(52)","San Luis Potosi(444)","220","","","","10.0000","","",""
"Mexico(52)","Tampico(833)","1491","","","","10.0000","","",""
"Mexico(52)","Tepic(311)","495","","","","10.0000","","",""
"Mexico(52)","Tijuana(664)","150","","","","10.0000","","",""
"Mexico(52)","Toluca(722)","221","","","","10.0000","","",""
"Mexico(52)","Torreon(871)","499","","","","10.0000","","",""
"Mexico(52)","Veracruz(229)","670","","","","10.0000","","",""
"Mexico(52)","Zacatecas(492)","1554","","","","10.0000","","",""
"Netherlands(31)","Amsterdam(20)","178","","","","10.0000","Yes","",""
"Netherlands(31)","Eindhoven(40)","1693","","","","10.0000","Yes","",""
"Netherlands(31)","Haarlem(23)","708","","","","10.0000","Yes","",""
"Netherlands(31)","Hague(70)","180","","","","10.0000","Yes","",""
"Netherlands(31)","Maastricht(43)","574","","","","10.0000","Yes","",""
"Netherlands(31)","National(85)","445","","","","10.0000","Yes","",""
"Netherlands(31)","National(88)","176","","","","10.0000","Yes","",""
"Netherlands(31)","Rotterdam(10)","177","","","","10.0000","Yes","",""
"Netherlands(31)","Tilburg(13)","1486","","","","10.0000","Yes","",""
"Netherlands(31)","Utrecht(30)","179","","","","10.0000","Yes","",""
"New Zealand(64)","Auckland(9)","209","","","","10.0000","","",""
"New Zealand(64)","Christchurch(3)","310","","","","10.0000","","",""
"New Zealand(64)","Dunedin(3)","1330","","","","10.0000","","",""
"New Zealand(64)","Gisborne(6)","1338","","","","10.0000","","",""
"New Zealand(64)","Greymouth(3)","1339","","","","10.0000","","",""
"New Zealand(64)","Hamilton(7)","788","","","","10.0000","","",""
"New Zealand(64)","Invercargill(3)","1340","","","","10.0000","","",""
"New Zealand(64)","Napier-Hastings(6)","1331","","","","10.0000","","",""
"New Zealand(64)","Nelson(3)","1333","","","","10.0000","","",""
"New Zealand(64)","New Plymouth(6)","1334","","","","10.0000","","",""
"New Zealand(64)","Palmerston North(6)","1332","","","","10.0000","","",""
"New Zealand(64)","Queenstown(3)","1337","","","","10.0000","","",""
"New Zealand(64)","Rotorua(7)","923","","","","10.0000","","",""
"New Zealand(64)","Taupo(7)","1336","","","","10.0000","","",""
"New Zealand(64)","Tauranga(7)","789","","","","10.0000","","",""
"New Zealand(64)","Toll-free(800)","866","","","","10.0000","","",""
"New Zealand(64)","Wanganui(6)","1341","","","","10.0000","","",""
"New Zealand(64)","Wellington(4)","345","","","","10.0000","","",""
"New Zealand(64)","Whangarei(9)","1335","","","","10.0000","","",""
"Norway(47)","Alesund(71)","1527","","","","10.0000","","",""
"Norway(47)","Baerum(63)","1004","","","","10.0000","","",""
"Norway(47)","Bergen(56)","1001","","","","10.0000","","",""
"Norway(47)","Hamar(62)","1558","","","","10.0000","","",""
"Norway(47)","National(85)","561","","","","10.0000","","",""
"Norway(47)","Oslo(21)","126","","","","10.0000","","",""
"Norway(47)","Rogaland(51)","1600","","","","10.0000","","",""
"Norway(47)","Stavanger(52)","1003","","","","10.0000","","",""
"Norway(47)","Trondheim(73)","1002","","","","10.0000","","",""
"Norway(47)","Virtual PRI(0)","1242","","","","10.0000","","",""
"Panama(507)","Panama(832)","570","","","","10.0000","","",""
"Panama(507)","Panama(833)","1369","","","","10.0000","","",""
"Panama(507)","Panama(836)","628","","","","10.0000","","",""
"Peru(51)","Arequipa(54)","1609","","","","10.0000","","",""
"Peru(51)","Chiclayo(74)","1611","","","","10.0000","","",""
"Peru(51)","Chimbote(43)","1614","","","","10.0000","","",""
"Peru(51)","Cusco(84)","1613","","","","10.0000","","",""
"Peru(51)","Lima(1)","136","","","","10.0000","","",""
"Peru(51)","Piura(73)","1612","","","","10.0000","","",""
"Peru(51)","Trujillo(44)","1610","","","","10.0000","","",""
"Poland(48)","Bialystok(85)","684","","","","10.0000","","",""
"Poland(48)","Bydgoszcz(52)","681","","","","10.0000","","",""
"Poland(48)","Gdansk(58)","679","","","","10.0000","","",""
"Poland(48)","Katowice(32)","683","","","","10.0000","","",""
"Poland(48)","Krakow(12)","223","","","","10.0000","","",""
"Poland(48)","Lodz(42)","677","","","","10.0000","","",""
"Poland(48)","Lublin(81)","682","","","","10.0000","","",""
"Poland(48)","Poznan(61)","678","","","","10.0000","","",""
"Poland(48)","Radom(48)","676","","","","10.0000","","",""
"Poland(48)","Szczecin(91)","680","","","","10.0000","","",""
"Poland(48)","Virtual PRI(0)","1248","","","","10.0000","","",""
"Poland(48)","Warsaw(22)","222","","","","10.0000","","",""
"Poland(48)","Wroclaw(71)","364","","","","10.0000","","",""
"Portugal(351)","National(30)","940","","","","10.0000","Yes","",""
"Puerto Rico(1)","Aguadilla(787)","1559","","","","10.0000","","",""
"Puerto Rico(1)","Arecibo(787)","1560","","","","10.0000","","",""
"Puerto Rico(1)","Arroyo(787)","1678","","","","10.0000","","",""
"Puerto Rico(1)","Bayamon Norte(787)","912","","","","10.0000","","",""
"Puerto Rico(1)","Caguas(787)","1566","","","","10.0000","","",""
"Puerto Rico(1)","Canovanas(787)","1643","","","","10.0000","","",""
"Puerto Rico(1)","Carolina(787)","1567","","","","10.0000","","",""
"Puerto Rico(1)","Cayey(787)","1561","","","","10.0000","","",""
"Puerto Rico(1)","Dorado(787)","1644","","","","10.0000","","",""
"Puerto Rico(1)","Fajardo(787)","1562","","","","10.0000","","",""
"Puerto Rico(1)","Guayama(787)","1563","","","","10.0000","","",""
"Puerto Rico(1)","Guaynabo(787)","1568","","","","10.0000","","",""
"Puerto Rico(1)","Isla Verde(787)","1569","","","","10.0000","","",""
"Puerto Rico(1)","Levittown(787)","1677","","","","10.0000","","",""
"Puerto Rico(1)","Manati(787)","1564","","","","10.0000","","",""
"Puerto Rico(1)","Mayaguez(787)","1565","","","","10.0000","","",""
"Puerto Rico(1)","Moca(787)","1649","","","","10.0000","","",""
"Puerto Rico(1)","Ponce(787)","1574","","","","10.0000","","",""
"Puerto Rico(1)","Pueblo Viejo(787)","1570","","","","10.0000","","",""
"Puerto Rico(1)","Ramey(787)","1662","","","","10.0000","","",""
"Puerto Rico(1)","Rio Piedras(787)","1571","","","","10.0000","","",""
"Puerto Rico(1)","San German(787)","1663","","","","10.0000","","",""
"Puerto Rico(1)","Santurce(787)","1572","","","","10.0000","","",""
"Puerto Rico(1)","Santurce East(787)","1657","","","","10.0000","","",""
"Puerto Rico(1)","Toa Alta(787)","1645","","","","10.0000","","",""
"Puerto Rico(1)","Toa Baja(787)","1646","","","","10.0000","","",""
"Puerto Rico(1)","Trujillo Alto(787)","1573","","","","10.0000","","",""
"Romania(40)","Braila(339)","1676","","","","10.0000","","",""
"Romania(40)","Brasov(368)","1673","","","","10.0000","","",""
"Romania(40)","Bucharest(31)","12","","","","10.0000","","",""
"Romania(40)","Cluj-Napoca(364)","1667","","","","10.0000","","",""
"Romania(40)","Constanta(341)","1670","","","","10.0000","","",""
"Romania(40)","Craiova(351)","1671","","","","10.0000","","",""
"Romania(40)","Galati(336)","1672","","","","10.0000","","",""
"Romania(40)","Iasi(332)","1669","","","","10.0000","","",""
"Romania(40)","Oradea(359)","1675","","","","10.0000","","",""
"Romania(40)","Ploiesti(344)","1674","","","","10.0000","","",""
"Romania(40)","Timisoara(356)","1668","","","","10.0000","","",""
"Romania(40)","Virtual PRI(0)","1544","","","","10.0000","","",""
"Russian Federation(7)","Moscow(495)","107","","","","10.0000","Yes","",""
"Russian Federation(7)","Moscow(499)","293","","","","10.0000","Yes","",""
"Russian Federation(7)","St Petersburg(812)","299","","","","10.0000","Yes","",""
"Singapore(65)","Singapore(3)","367","","","","10.0000","","Yes",""
"Slovakia(421)","Banska Bystrica(48)","673","","","","10.0000","","",""
"Slovakia(421)","Bratislava(2)","296","","","","10.0000","","",""
"Slovakia(421)","Kosice(55)","297","","","","10.0000","","",""
"Slovakia(421)","Nitra(37)","671","","","","10.0000","","",""
"Slovakia(421)","Poprad(52)","1241","","","","10.0000","","",""
"Slovakia(421)","Trencin(32)","1280","","","","10.0000","","",""
"Slovakia(421)","Trnava(33)","1281","","","","10.0000","","",""
"Slovakia(421)","Virtual PRI(0)","1543","","","","10.0000","","",""
"Slovakia(421)","Zilina(41)","672","","","","10.0000","","",""
"Slovenia(386)","Celje(3)","1236","","","","10.0000","","",""
"Slovenia(386)","Kranj(4)","1237","","","","10.0000","","",""
"Slovenia(386)","Ljubljana(1)","298","","","","10.0000","","",""
"Slovenia(386)","Maribor(2)","1235","","","","10.0000","","",""
"Slovenia(386)","Nova Gorica(5)","1238","","","","10.0000","","",""
"Slovenia(386)","Novo Mesto(7)","1239","","","","10.0000","","",""
"Slovenia(386)","Virtual PRI(0)","1246","","","","10.0000","","",""
"South Africa(27)","Cape Town(21)","661","","","","10.0000","","",""
"South Africa(27)","Durban(31)","662","","","","10.0000","","",""
"South Africa(27)","East London(43)","1457","","","","10.0000","","",""
"South Africa(27)","Johannesburg(10)","665","","","","10.0000","","",""
"South Africa(27)","Johannesburg(11)","201","","","","10.0000","","",""
"South Africa(27)","National(87)","667","","","","10.0000","","",""
"South Africa(27)","Port Elizabeth(41)","1456","","","","10.0000","","",""
"South Africa(27)","Pretoria(12)","666","","","","10.0000","","",""
"South Africa(27)","Virtual PRI(0)","1249","","","","10.0000","","",""
"Spain(34)","A Coruna(881)","348","","","","10.0000","","",""
"Spain(34)","Alacant(96)","351","","","","10.0000","","",""
"Spain(34)","Albacete(967)","812","","","","10.0000","","",""
"Spain(34)","Almeria(950)","815","","","","10.0000","","",""
"Spain(34)","Badajoz(924)","824","","","","10.0000","","",""
"Spain(34)","Badalona(931)","1441","","","","10.0000","","",""
"Spain(34)","Barcelona(93)","349","","","","10.0000","","",""
"Spain(34)","Betanzos(981)","1466","","","","10.0000","","",""
"Spain(34)","Bilbao(94)","685","","","","10.0000","","",""
"Spain(34)","Burgos(947)","819","","","","10.0000","","",""
"Spain(34)","Caceres(927)","1455","","","","10.0000","","",""
"Spain(34)","Cadiz(856)","1433","","","","10.0000","","",""
"Spain(34)","Cadiz(956)","22","","","","10.0000","","",""
"Spain(34)","Cartagena(868)","1443","","","","10.0000","","",""
"Spain(34)","Cartagena(968)","1681","","","","10.0000","","",""
"Spain(34)","Castellon(964)","818","","","","10.0000","","",""
"Spain(34)","Cordoba(957)","352","","","","10.0000","","",""
"Spain(34)","Gijon(984)","1430","","","","10.0000","","",""
"Spain(34)","Girona(872)","1434","","","","10.0000","","",""
"Spain(34)","Girona(972)","1655","","","","10.0000","","",""
"Spain(34)","Granada(858)","1431","","","","10.0000","","",""
"Spain(34)","Granada(958)","353","","","","10.0000","","",""
"Spain(34)","Huelva(959)","823","","","","10.0000","","",""
"Spain(34)","Jaen(953)","827","","","","10.0000","","",""
"Spain(34)","Leon(987)","825","","","","10.0000","","",""
"Spain(34)","Lleida(973)","826","","","","10.0000","","",""
"Spain(34)","Logrono(941)","822","","","","10.0000","","",""
"Spain(34)","Madrid(91)","128","","","","10.0000","","",""
"Spain(34)","Malaga(951)","21","","","","10.0000","","",""
"Spain(34)","Malaga VOIP(851)","621","","","","10.0000","","",""
"Spain(34)","Mallorca(871)","1463","","","","10.0000","","",""
"Spain(34)","Mallorca(971)","334","","","","10.0000","","",""
"Spain(34)","Marbella(951)","1444","","","","10.0000","","",""
"Spain(34)","Murcia(868)","1429","","","","10.0000","","",""
"Spain(34)","Murcia(968)","23","","","","10.0000","","",""
"Spain(34)","National(901)","246","","","","10.0000","","",""
"Spain(34)","National(902)","862","","","","10.0000","","",""
"Spain(34)","Orense(988)","828","","","","10.0000","","",""
"Spain(34)","Oviedo(984)","814","","","","10.0000","","",""
"Spain(34)","Pamplona(848)","1437","","","","10.0000","","",""
"Spain(34)","Pontevedra(886)","1647","","","","10.0000","","",""
"Spain(34)","Pontevedra(986)","154","","","","10.0000","","",""
"Spain(34)","Sabadell(931)","1442","","","","10.0000","","",""
"Spain(34)","Salamanca(923)","820","","","","10.0000","","",""
"Spain(34)","San Sebastian(843)","1438","","","","10.0000","","",""
"Spain(34)","San Sebastian(943)","354","","","","10.0000","","",""
"Spain(34)","Santander(942)","817","","","","10.0000","","",""
"Spain(34)","Sevilla(95)","303","","","","10.0000","","",""
"Spain(34)","Tarragona(877)","1432","","","","10.0000","","",""
"Spain(34)","Tarragona(977)","821","","","","10.0000","","",""
"Spain(34)","Toledo(925)","1435","","","","10.0000","","",""
"Spain(34)","Toll Free(900)","849","","","","10.0000","","",""
"Spain(34)","Valadolid(983)","350","","","","10.0000","","",""
"Spain(34)","Valencia(96)","304","","","","10.0000","","",""
"Spain(34)","Vigo(886)","1439","","","","10.0000","","",""
"Spain(34)","Vilafranca Del Pene(938)","1601","","","","10.0000","","",""
"Spain(34)","Virtual PRI(0)","1448","","","","10.0000","","",""
"Spain(34)","Vitoria - Gasteiz(945)","813","","","","10.0000","","",""
"Spain(34)","Zaragoza(876)","1480","","","","10.0000","","",""
"Spain(34)","Zaragoza(976)","305","","","","10.0000","","",""
"Sweden(46)","Goteborg(31)","229","","","","10.0000","","",""
"Sweden(46)","Karlskrona(455)","1009","","","","10.0000","","",""
"Sweden(46)","Malmo(40)","230","","","","10.0000","","",""
"Sweden(46)","Orebro(19)","1161","","","","10.0000","","",""
"Sweden(46)","Stockholm(8)","231","","","","10.0000","","",""
"Sweden(46)","Uppsala(18)","1162","","","","10.0000","","",""
"Sweden(46)","Vasteras(21)","1160","","","","10.0000","","",""
"Sweden(46)","Virtual PRI(0)","1244","","","","10.0000","","",""
"Switzerland(41)","Basel(61)","181","","","","10.0000","Yes","",""
"Switzerland(41)","Bellizona(91)","875","","","","10.0000","Yes","",""
"Switzerland(41)","Bern(31)","183","","","","10.0000","Yes","",""
"Switzerland(41)","Coire(81)","876","","","","10.0000","Yes","",""
"Switzerland(41)","Fribourg(26)","980","","","","10.0000","Yes","",""
"Switzerland(41)","Geneva(22)","185","","","","10.0000","Yes","",""
"Switzerland(41)","Lausanne(21)","186","","","","10.0000","Yes","",""
"Switzerland(41)","Lucerne(41)","187","","","","10.0000","Yes","",""
"Switzerland(41)","Lugano(91)","981","","","","10.0000","Yes","",""
"Switzerland(41)","Neuchatel(32)","877","","","","10.0000","Yes","",""
"Switzerland(41)","Olten(62)","878","","","","10.0000","Yes","",""
"Switzerland(41)","Rapperswil(55)","879","","","","10.0000","Yes","",""
"Switzerland(41)","St Gall(71)","191","","","","10.0000","Yes","",""
"Switzerland(41)","Virtual PRI(0)","1245","","","","10.0000","Yes","",""
"Switzerland(41)","Winterthur(52)","880","","","","10.0000","Yes","",""
"Switzerland(41)","Zurich(43)","434","","","","10.0000","Yes","",""
"Switzerland(41)","Zurich(44)","195","","","","10.0000","Yes","",""
"Thailand(66)","National VOIP(60)","1374","","","","10.0000","","",""
"Turkey(90)","Istanbul - Asia(216)","1449","","","","10.0000","Yes","",""
"Turkey(90)","Istanbul - Europe(212)","225","","","","10.0000","Yes","",""
"Turkey(90)","National(850)","1385","","","","10.0000","Yes","",""
"Ukraine(380)","Belaya Tserkov(4563)","946","","","","10.0000","Yes","",""
"Ukraine(380)","Belgorod-Dnestrovski(4849)","973","","","","10.0000","Yes","",""
"Ukraine(380)","Bogorodchany(3471)","951","","","","10.0000","Yes","",""
"Ukraine(380)","Cherkasy(472)","888","","","","10.0000","Yes","",""
"Ukraine(380)","Chernavtsi(372)","884","","","","10.0000","Yes","",""
"Ukraine(380)","Chertkov(3552)","962","","","","10.0000","Yes","",""
"Ukraine(380)","Dnepropetrovsk(56)","993","","","","10.0000","Yes","",""
"Ukraine(380)","Donetsk(62)","994","","","","10.0000","Yes","",""
"Ukraine(380)","Evpatoria(6569)","978","","","","10.0000","Yes","",""
"Ukraine(380)","Fastov(4565)","943","","","","10.0000","Yes","",""
"Ukraine(380)","Gorodnya(4645)","970","","","","10.0000","Yes","",""
"Ukraine(380)","Iliychevsk(4868)","974","","","","10.0000","Yes","",""
"Ukraine(380)","Ivano-Frankivsk(342)","885","","","","10.0000","Yes","",""
"Ukraine(380)","Kagarlyk(4573)","944","","","","10.0000","Yes","",""
"Ukraine(380)","Kamenets-Podolskyi(3849)","965","","","","10.0000","Yes","",""
"Ukraine(380)","Kamenka(4732)","967","","","","10.0000","Yes","",""
"Ukraine(380)","Kharkov(57)","915","","","","10.0000","Yes","",""
"Ukraine(380)","Kherson(552)","890","","","","10.0000","Yes","",""
"Ukraine(380)","Khmelnytskyi(382)","893","","","","10.0000","Yes","",""
"Ukraine(380)","Kiev(44)","457","","","","10.0000","Yes","",""
"Ukraine(380)","Kirovograd(522)","901","","","","10.0000","Yes","",""
"Ukraine(380)","Kolomiya(3433)","953","","","","10.0000","Yes","",""
"Ukraine(380)","Komsomolsk(5348)","1222","","","","10.0000","Yes","",""
"Ukraine(380)","Korystyshev(4130)","947","","","","10.0000","Yes","",""
"Ukraine(380)","Kostopol(3657)","958","","","","10.0000","Yes","",""
"Ukraine(380)","Kovel(3352)","972","","","","10.0000","Yes","",""
"Ukraine(380)","Kozelets(4646)","969","","","","10.0000","Yes","",""
"Ukraine(380)","Kremenchug(536)","956","","","","10.0000","Yes","",""
"Ukraine(380)","Kremenets(3546)","961","","","","10.0000","Yes","",""
"Ukraine(380)","Lubny(5361)","955","","","","10.0000","Yes","",""
"Ukraine(380)","Lugansk(642)","1214","","","","10.0000","Yes","",""
"Ukraine(380)","Lutsk(332)","897","","","","10.0000","Yes","",""
"Ukraine(380)","Lvov(322)","914","","","","10.0000","Yes","",""
"Ukraine(380)","Mena(4644)","1260","","","","10.0000","Yes","",""
"Ukraine(380)","Mirgorod(5355)","954","","","","10.0000","Yes","",""
"Ukraine(380)","Mobile(94)","1642","","","","10.0000","","",""
"Ukraine(380)","Mukachevo(3131)","950","","","","10.0000","Yes","",""
"Ukraine(380)","Nezhin(4631)","971","","","","10.0000","Yes","",""
"Ukraine(380)","Nikolayev(512)","892","","","","10.0000","Yes","",""
"Ukraine(380)","Odessa(48)","613","","","","10.0000","Yes","",""
"Ukraine(380)","Ovidiopol(4851)","1262","","","","10.0000","Yes","",""
"Ukraine(380)","Poltava(532)","902","","","","10.0000","Yes","",""
"Ukraine(380)","Razdelnaya(4853)","975","","","","10.0000","Yes","",""
"Ukraine(380)","Reni(4840)","1264","","","","10.0000","Yes","",""
"Ukraine(380)","Rovno(362)","898","","","","10.0000","Yes","",""
"Ukraine(380)","Saki(6563)","1224","","","","10.0000","Yes","",""
"Ukraine(380)","Sevastopol(69)","976","","","","10.0000","Yes","",""
"Ukraine(380)","Shepetovka(3840)","964","","","","10.0000","Yes","",""
"Ukraine(380)","Shiryaevo(4858)","1263","","","","10.0000","Yes","",""
"Ukraine(380)","Simferopol(652)","896","","","","10.0000","Yes","",""
"Ukraine(380)","Slavuta(3842)","963","","","","10.0000","Yes","",""
"Ukraine(380)","Smela(4733)","966","","","","10.0000","Yes","",""
"Ukraine(380)","Sumy(542)","889","","","","10.0000","Yes","",""
"Ukraine(380)","Terebovlya(3551)","960","","","","10.0000","Yes","",""
"Ukraine(380)","Ternopil(352)","886","","","","10.0000","Yes","",""
"Ukraine(380)","Trostyanets(5458)","959","","","","10.0000","Yes","",""
"Ukraine(380)","Uman(4744)","968","","","","10.0000","Yes","",""
"Ukraine(380)","Uzhgorod(312)","887","","","","10.0000","Yes","",""
"Ukraine(380)","Vasilkov(4571)","945","","","","10.0000","Yes","",""
"Ukraine(380)","Velykiy Berezniy(3135)","949","","","","10.0000","Yes","",""
"Ukraine(380)","Vinnitsa(432)","891","","","","10.0000","Yes","",""
"Ukraine(380)","Yalta(654)","977","","","","10.0000","Yes","",""
"Ukraine(380)","Yaremcha(3434)","952","","","","10.0000","Yes","",""
"Ukraine(380)","Zaporozhe(61)","1213","","","","10.0000","Yes","",""
"Ukraine(380)","Zdolbunov(3652)","957","","","","10.0000","Yes","",""
"Ukraine(380)","Zhytomyr(412)","895","","","","10.0000","Yes","",""
"United Kingdom(44)","Aberdeen(1224)","990","","","","10.0000","","",""
"United Kingdom(44)","Ballycastle(2820)","699","","","","10.0000","","",""
"United Kingdom(44)","Ballymena(2825)","701","","","","10.0000","","",""
"United Kingdom(44)","Belfast(28)","77","","","","10.0000","","",""
"United Kingdom(44)","Birmingham(121)","71","","","","10.0000","","",""
"United Kingdom(44)","Bishops Waltham(1489)","1227","","","","10.0000","","",""
"United Kingdom(44)","Blackburn(1254)","386","","","","10.0000","","",""
"United Kingdom(44)","Bolton(1204)","926","","","","10.0000","","",""
"United Kingdom(44)","Bournemouth(1202)","928","","","","10.0000","","",""
"United Kingdom(44)","Bradford(1274)","675","","","","10.0000","","",""
"United Kingdom(44)","Bridgend(1656)","1591","","","","10.0000","","",""
"United Kingdom(44)","Brighton(1273)","936","","","","10.0000","","",""
"United Kingdom(44)","Bristol(117)","674","","","","10.0000","","",""
"United Kingdom(44)","Bury St Edmunds(1284)","689","","","","10.0000","","",""
"United Kingdom(44)","Camberley(1276)","836","","","","10.0000","","",""
"United Kingdom(44)","Cambridge(1223)","989","","","","10.0000","","",""
"United Kingdom(44)","Cardiff(29)","78","","","","10.0000","","",""
"United Kingdom(44)","Carlisle(1228)","852","","","","10.0000","","",""
"United Kingdom(44)","Chester(1244)","596","","","","10.0000","","",""
"United Kingdom(44)","Coventry(2476)","925","","","","10.0000","","",""
"United Kingdom(44)","Crawley(1293)","874","","","","10.0000","","",""
"United Kingdom(44)","Cumnock(1290)","1636","","","","10.0000","","",""
"United Kingdom(44)","Darlington(1325)","931","","","","10.0000","","",""
"United Kingdom(44)","Dartford(1322)","774","","","","10.0000","","",""
"United Kingdom(44)","Eastbourne(1323)","932","","","","10.0000","","",""
"United Kingdom(44)","Edinburgh(131)","74","","","","10.0000","","",""
"United Kingdom(44)","Exeter(1392)","930","","","","10.0000","","",""
"United Kingdom(44)","Felixstowe(1394)","982","","","","10.0000","","",""
"United Kingdom(44)","Fraserburgh(1346)","1638","","","","10.0000","","",""
"United Kingdom(44)","Glasgow(141)","73","","","","10.0000","","",""
"United Kingdom(44)","Gretna(1461)","1689","","","","10.0000","","",""
"United Kingdom(44)","Grimsby(1472)","934","","","","10.0000","","",""
"United Kingdom(44)","Guildford(1483)","387","","","","10.0000","","",""
"United Kingdom(44)","Hitchin(1462)","837","","","","10.0000","","",""
"United Kingdom(44)","Hull(1482)","482","","","","10.0000","","",""
"United Kingdom(44)","Ipswich(1473)","991","","","","10.0000","","",""
"United Kingdom(44)","Kilrea(2829)","834","","","","10.0000","","",""
"United Kingdom(44)","Leeds(113)","610","","","","10.0000","","",""
"United Kingdom(44)","Leicester(116)","87","","","","10.0000","","",""
"United Kingdom(44)","Lerwick(1595)","1621","","","","10.0000","","",""
"United Kingdom(44)","Lisburn(2892)","710","","","","10.0000","","",""
"United Kingdom(44)","Liverpool(151)","75","","","","10.0000","","",""
"United Kingdom(44)","London(20)","16","","","","10.0000","","",""
"United Kingdom(44)","Luton(1582)","935","","","","10.0000","","",""
"United Kingdom(44)","Maidenhead(1628)","595","","","","10.0000","","",""
"United Kingdom(44)","Maidstone(1622)","861","","","","10.0000","","",""
"United Kingdom(44)","Manchester(161)","72","","","","10.0000","","",""
"United Kingdom(44)","Martinstown(2821)","700","","","","10.0000","","",""
"United Kingdom(44)","Medway(1634)","1483","","","","10.0000","","",""
"United Kingdom(44)","Middlesbrough(1642)","1599","","","","10.0000","","",""
"United Kingdom(44)","Motherwell(1698)","438","","","","10.0000","","",""
"United Kingdom(44)","National(33)","1658","","","","10.0000","","",""
"United Kingdom(44)","National(844)","619","","","","10.0000","","",""
"United Kingdom(44)","National(845)","481","","","","10.0000","","",""
"United Kingdom(44)","National(870)","9","","","","10.0000","","",""
"United Kingdom(44)","National(871)","618","","","","10.0000","","",""
"United Kingdom(44)","National Virtual PRI(1)","1314","","","","10.0000","","",""
"United Kingdom(44)","Newcastle(191)","76","","","","10.0000","","",""
"United Kingdom(44)","Newmarket(1638)","1659","","","","10.0000","","",""
"United Kingdom(44)","Northampton(1604)","85","","","","10.0000","","",""
"United Kingdom(44)","Northwich(1606)","659","","","","10.0000","","",""
"United Kingdom(44)","Norwich(1603)","594","","","","10.0000","","",""
"United Kingdom(44)","Nottingham(115)","86","","","","10.0000","","",""
"United Kingdom(44)","Oxford(1865)","601","","","","10.0000","","",""
"United Kingdom(44)","Peterborough(1733)","927","","","","10.0000","","",""
"United Kingdom(44)","Plymouth(1752)","1006","","","","10.0000","","",""
"United Kingdom(44)","Portadown(283)","698","","","","10.0000","","",""
"United Kingdom(44)","Portsmouth(239)","1005","","","","10.0000","","",""
"United Kingdom(44)","Preston(1772)","929","","","","10.0000","","",""
"United Kingdom(44)","Reading(118)","249","","","","10.0000","","",""
"United Kingdom(44)","Richmond(1748)","441","","","","10.0000","","",""
"United Kingdom(44)","Ringwood(1425)","1679","","","","10.0000","","",""
"United Kingdom(44)","Rochdale(1706)","611","","","","10.0000","","",""
"United Kingdom(44)","Rugby(1788)","792","","","","10.0000","","",""
"United Kingdom(44)","Sheffield(114)","609","","","","10.0000","","",""
"United Kingdom(44)","Southampton(238)","583","","","","10.0000","","",""
"United Kingdom(44)","Southend-on-Sea(1702)","1212","","","","10.0000","","",""
"United Kingdom(44)","Staines(1784)","838","","","","10.0000","","",""
"United Kingdom(44)","Stamford(178)","267","","","","10.0000","","",""
"United Kingdom(44)","Stratford-upon-Avon(1789)","791","","","","10.0000","","",""
"United Kingdom(44)","Swansea(1792)","1007","","","","10.0000","","",""
"United Kingdom(44)","Swindon(1793)","937","","","","10.0000","","",""
"United Kingdom(44)","Telford(1952)","933","","","","10.0000","","",""
"United Kingdom(44)","Thanet(1843)","835","","","","10.0000","","",""
"United Kingdom(44)","Toll-Free(800)","851","","","","10.0000","","",""
"United Kingdom(44)","Virtual PRI(0)","1255","","","","10.0000","","",""
"United Kingdom(44)","Whitby(1947)","1688","","","","10.0000","","",""
"United Kingdom(44)","Wigan(1942)","709","","","","10.0000","","",""
"United Kingdom(44)","Winchester(1962)","1461","","","","10.0000","","",""
"United Kingdom(44)","Worcester(1905)","938","","","","10.0000","","",""
"United States(1)","Akron(330)","1229","","","","10.0000","","",""
"United States(1)","Albany(518)","1288","","","","10.0000","","",""
"United States(1)","Albuqurque(505)","1198","","","","10.0000","","",""
"United States(1)","Alexandria(318)","1499","","","","10.0000","","",""
"United States(1)","Allens Park Lyons(303)","1226","","","","10.0000","","",""
"United States(1)","Allentown(484)","446","","","","10.0000","","",""
"United States(1)","Allentown(610)","347","","","","10.0000","","",""
"United States(1)","Anaheim(714)","390","","","","10.0000","","",""
"United States(1)","Anderson(864)","1536","","","","10.0000","","",""
"United States(1)","Ann Arbor(734)","323","","","","10.0000","","",""
"United States(1)","Aptos(831)","47","","","","10.0000","","",""
"United States(1)","Arcadia(626)","1652","","","","10.0000","","",""
"United States(1)","Arlington(817)","616","","","","10.0000","","",""
"United States(1)","Arlington Heights(224)","1450","","","","10.0000","","",""
"United States(1)","Arlington Heights(847)","1306","","","","10.0000","","",""
"United States(1)","Athens(256)","1586","","","","10.0000","","",""
"United States(1)","Atlanta(404)","252","","","","10.0000","","",""
"United States(1)","Atlanta(678)","253","","","","10.0000","","",""
"United States(1)","Atlanta Northeast(770)","1648","","","","10.0000","","",""
"United States(1)","Atlantic City(609)","1259","","","","10.0000","","",""
"United States(1)","Augusta(706)","1476","","","","10.0000","","",""
"United States(1)","Augusta(762)","1354","","","","10.0000","","",""
"United States(1)","Aurora(331)","1265","","","","10.0000","","",""
"United States(1)","Aurora(630)","842","","","","10.0000","","",""
"United States(1)","Aurora(720)","555","","","","10.0000","","",""
"United States(1)","Austin(512)","566","","","","10.0000","","",""
"United States(1)","Bakersfield(661)","524","","","","10.0000","","",""
"United States(1)","Baltimore(410)","1606","","","","10.0000","","",""
"United States(1)","Baltimore(443)","261","","","","10.0000","","",""
"United States(1)","Baton Rouge(225)","447","","","","10.0000","","",""
"United States(1)","Belle Glade(561)","1532","","","","10.0000","","",""
"United States(1)","Bellevue(425)","695","","","","10.0000","","",""
"United States(1)","Belvedere(415)","1618","","","","10.0000","","",""
"United States(1)","Beverly Hills(310)","868","","","","10.0000","","",""
"United States(1)","Birmingham(205)","1283","","","","10.0000","","",""
"United States(1)","Bismarck(701)","1349","","","","10.0000","","",""
"United States(1)","Boca Raton(561)","404","","","","10.0000","","",""
"United States(1)","Boise(208)","554","","","","10.0000","","",""
"United States(1)","Boston(617)","287","","","","10.0000","","",""
"United States(1)","Brawley(760)","1513","","","","10.0000","","",""
"United States(1)","Bridgeport(203)","1209","","","","10.0000","","",""
"United States(1)","Brookline(617)","1548","","","","10.0000","","",""
"United States(1)","Brooklyn(347)","406","","","","10.0000","","",""
"United States(1)","Buffalo(716)","1207","","","","10.0000","","",""
"United States(1)","Burbank(818)","1576","","","","10.0000","","",""
"United States(1)","Calexico(760)","1516","","","","10.0000","","",""
"United States(1)","Camden(856)","340","","","","10.0000","","",""
"United States(1)","Canoga Park(818)","46","","","","10.0000","","",""
"United States(1)","Canton(330)","916","","","","10.0000","","",""
"United States(1)","Cary(919)","1539","","","","10.0000","","",""
"United States(1)","Casagrande(520)","1504","","","","10.0000","","",""
"United States(1)","Casper(307)","1218","","","","10.0000","","",""
"United States(1)","Cedar Lake(219)","1526","","","","10.0000","","",""
"United States(1)","Cedar Rapids(319)","1206","","","","10.0000","","",""
"United States(1)","Charleston(843)","1275","","","","10.0000","","",""
"United States(1)","Charlotte(704)","688","","","","10.0000","","",""
"United States(1)","Chattanooga(423)","1344","","","","10.0000","","",""
"United States(1)","Cheyenne(307)","1204","","","","10.0000","","",""
"United States(1)","Chicago(708)","258","","","","10.0000","","",""
"United States(1)","Chicago(773)","255","","","","10.0000","","",""
"United States(1)","Chicago(312)","256","","","","10.0000","","",""
"United States(1)","Chula Vista(619)","523","","","","10.0000","","",""
"United States(1)","Cincinnati(513)","1272","","","","10.0000","","",""
"United States(1)","Clarksville(931)","1584","","","","10.0000","","",""
"United States(1)","Clearwater(727)","1540","","","","10.0000","","",""
"United States(1)","Cleveland(216)","470","","","","10.0000","","",""
"United States(1)","Cocoa(321)","869","","","","10.0000","","",""
"United States(1)","Colorado Springs(719)","706","","","","10.0000","","",""
"United States(1)","Columbia(803)","1291","","","","10.0000","","",""
"United States(1)","Columbus(762)","1474","","","","10.0000","","",""
"United States(1)","Columbus(614)","471","","","","10.0000","","",""
"United States(1)","Columbus(706)","1350","","","","10.0000","","",""
"United States(1)","Compton(310)","521","","","","10.0000","","",""
"United States(1)","Concord(925)","860","","","","10.0000","","",""
"United States(1)","Coral Springs(754)","1352","","","","10.0000","","",""
"United States(1)","Coral Springs(954)","591","","","","10.0000","","",""
"United States(1)","Corona(951)","631","","","","10.0000","","",""
"United States(1)","Coronado(619)","1454","","","","10.0000","","",""
"United States(1)","Corpus Christi(361)","1500","","","","10.0000","","",""
"United States(1)","Covina(626)","39","","","","10.0000","","",""
"United States(1)","Crystal Lake(815)","1305","","","","10.0000","","",""
"United States(1)","Dale City(571)","588","","","","10.0000","","",""
"United States(1)","Dale City(703)","512","","","","10.0000","","",""
"United States(1)","Dallas(469)","274","","","","10.0000","","",""
"United States(1)","Dallas(972)","273","","","","10.0000","","",""
"United States(1)","Dallas(214)","272","","","","10.0000","","",""
"United States(1)","Davenport(563)","1205","","","","10.0000","","",""
"United States(1)","Dayton(937)","1278","","","","10.0000","","",""
"United States(1)","Deerfield Beach(754)","1485","","","","10.0000","","",""
"United States(1)","Deerfield Beach(954)","1172","","","","10.0000","","",""
"United States(1)","Deerfield Beach(954)","403","","","","10.0000","","",""
"United States(1)","Delaware City(302)","513","","","","10.0000","","",""
"United States(1)","Delray Beach(561)","1686","","","","10.0000","","",""
"United States(1)","Denver(303)","469","","","","10.0000","","",""
"United States(1)","Denver(720)","1422","","","","10.0000","","",""
"United States(1)","Des Moines(515)","1219","","","","10.0000","","",""
"United States(1)","Des Plaines(224)","847","","","","10.0000","","",""
"United States(1)","Detroit(313)","241","","","","10.0000","","",""
"United States(1)","Dover(302)","455","","","","10.0000","","",""
"United States(1)","Dover Foxcroft(207)","1631","","","","10.0000","","",""
"United States(1)","Dulles(703)","1426","","","","10.0000","","",""
"United States(1)","Dulles Metro(703)","511","","","","10.0000","","",""
"United States(1)","Durham(919)","1377","","","","10.0000","","",""
"United States(1)","El Cajon(619)","1510","","","","10.0000","","",""
"United States(1)","El Centro(760)","1512","","","","10.0000","","",""
"United States(1)","El Monte(626)","854","","","","10.0000","","",""
"United States(1)","El Monte(626)","1348","","","","10.0000","","",""
"United States(1)","El Paso(915)","1376","","","","10.0000","","",""
"United States(1)","Elgin(847)","1307","","","","10.0000","","",""
"United States(1)","Elgin(847)","1360","","","","10.0000","","",""
"United States(1)","Elizabeth(908)","281","","","","10.0000","","",""
"United States(1)","Ellicott City(410)","1629","","","","10.0000","","",""
"United States(1)","Engleside(703)","668","","","","10.0000","","",""
"United States(1)","Erie(814)","1460","","","","10.0000","","",""
"United States(1)","Escondido(760)","634","","","","10.0000","","",""
"United States(1)","Eugene(541)","557","","","","10.0000","","",""
"United States(1)","Fairfield-Suisun(707)","1298","","","","10.0000","","",""
"United States(1)","Fallbrook(760)","1514","","","","10.0000","","",""
"United States(1)","Fargo(701)","1274","","","","10.0000","","",""
"United States(1)","Fayetteville(315)","1541","","","","10.0000","","",""
"United States(1)","Flint(810)","324","","","","10.0000","","",""
"United States(1)","Fort Collins(970)","1522","","","","10.0000","","",""
"United States(1)","Fort Lauderdale(754)","1382","","","","10.0000","","",""
"United States(1)","Fort Lauderdale(954)","510","","","","10.0000","","",""
"United States(1)","Fort Pierce(772)","581","","","","10.0000","","",""
"United States(1)","Fort Washington(240)","165","","","","10.0000","","",""
"United States(1)","Fort Wayne(260)","1380","","","","10.0000","","",""
"United States(1)","Fort Worth(817)","567","","","","10.0000","","",""
"United States(1)","FremontNewark(510)","1104","","","","10.0000","","",""
"United States(1)","Fresno(559)","522","","","","10.0000","","",""
"United States(1)","Gainesville(352)","1458","","","","10.0000","","",""
"United States(1)","Gaithersburg(240)","585","","","","10.0000","","",""
"United States(1)","Garden Grove(714)","1351","","","","10.0000","","",""
"United States(1)","Gardena(310)","33","","","","10.0000","","",""
"United States(1)","Glendale(818)","529","","","","10.0000","","",""
"United States(1)","Grand Junction(970)","1523","","","","10.0000","","",""
"United States(1)","Grand Rapids(616)","1273","","","","10.0000","","",""
"United States(1)","Greeley(970)","556","","","","10.0000","","",""
"United States(1)","Greensboro(336)","1266","","","","10.0000","","",""
"United States(1)","Greenville(864)","1293","","","","10.0000","","",""
"United States(1)","Gulfport(228)","1268","","","","10.0000","","",""
"United States(1)","Hackensack(201)","421","","","","10.0000","","",""
"United States(1)","Haddonfld(856)","342","","","","10.0000","","",""
"United States(1)","Hartford(860)","1217","","","","10.0000","","",""
"United States(1)","Hattiesburg(601)","1508","","","","10.0000","","",""
"United States(1)","Hayward(510)","605","","","","10.0000","","",""
"United States(1)","Healdsburg(707)","1423","","","","10.0000","","",""
"United States(1)","Hemet(951)","1521","","","","10.0000","","",""
"United States(1)","Hollywood(754)","1471","","","","10.0000","","",""
"United States(1)","Hollywood(954)","30","","","","10.0000","","",""
"United States(1)","Homestead(305)","1484","","","","10.0000","","",""
"United States(1)","Homestead(786)","1151","","","","10.0000","","",""
"United States(1)","Homestead(786)","864","","","","10.0000","","",""
"United States(1)","Houston(281)","328","","","","10.0000","","",""
"United States(1)","Houston(713)","346","","","","10.0000","","",""
"United States(1)","Houston(832)","301","","","","10.0000","","",""
"United States(1)","Huntington(631)","589","","","","10.0000","","",""
"United States(1)","Huntington(631)","1143","","","","10.0000","","",""
"United States(1)","Huntington Beach(714)","525","","","","10.0000","","",""
"United States(1)","Huntsville(256)","1534","","","","10.0000","","",""
"United States(1)","Idaho Falls(208)","1211","","","","10.0000","","",""
"United States(1)","Indianapolis(317)","307","","","","10.0000","","",""
"United States(1)","Irvine(949)","534","","","","10.0000","","",""
"United States(1)","Jackson(601)","1509","","","","10.0000","","",""
"United States(1)","Jacksonville(904)","562","","","","10.0000","","",""
"United States(1)","Jensen Beach(772)","582","","","","10.0000","","",""
"United States(1)","Jersey City(201)","280","","","","10.0000","","",""
"United States(1)","Jersey City(201)","1086","","","","10.0000","","",""
"United States(1)","Joliet(815)","1304","","","","10.0000","","",""
"United States(1)","Kansas City(816)","1292","","","","10.0000","","",""
"United States(1)","Kansas City(913)","1294","","","","10.0000","","",""
"United States(1)","Keys(305)","475","","","","10.0000","","",""
"United States(1)","Knoxville(865)","1230","","","","10.0000","","",""
"United States(1)","Lafayette(315)","1542","","","","10.0000","","",""
"United States(1)","Lake Zurich(847)","844","","","","10.0000","","",""
"United States(1)","Las Cruces(575)","1199","","","","10.0000","","",""
"United States(1)","Las Vegas(702)","108","","","","10.0000","","",""
"United States(1)","Leonardtown(301)","1462","","","","10.0000","","",""
"United States(1)","Lewisville(469)","1269","","","","10.0000","","",""
"United States(1)","Lexington(859)","1276","","","","10.0000","","",""
"United States(1)","Little Rock(501)","1286","","","","10.0000","","",""
"United States(1)","Lodi(209)","1232","","","","10.0000","","",""
"United States(1)","Long Beach(562)","37","","","","10.0000","","",""
"United States(1)","Los Angeles(213)","18","","","","10.0000","","",""
"United States(1)","Los Angeles(323)","29","","","","10.0000","","",""
"United States(1)","Louisville(502)","1270","","","","10.0000","","",""
"United States(1)","Lowell(978)","290","","","","10.0000","","",""
"United States(1)","Macon(478)","1503","","","","10.0000","","",""
"United States(1)","Madison(608)","1220","","","","10.0000","","",""
"United States(1)","Manchester(603)","282","","","","10.0000","","",""
"United States(1)","Medford(781)","845","","","","10.0000","","",""
"United States(1)","Memphis(901)","472","","","","10.0000","","",""
"United States(1)","Meridian(601)","1507","","","","10.0000","","",""
"United States(1)","Miami(305)","167","","","","10.0000","","",""
"United States(1)","Miami(305)","1135","","","","10.0000","","",""
"United States(1)","Miami(561)","1142","","","","10.0000","","",""
"United States(1)","Miami(772)","169","","","","10.0000","","",""
"United States(1)","Miami(786)","170","","","","10.0000","","",""
"United States(1)","Miami(786)","1165","","","","10.0000","","",""
"United States(1)","Middletown(732)","408","","","","10.0000","","",""
"United States(1)","Milwaukee(414)","1203","","","","10.0000","","",""
"United States(1)","Missoula(406)","1342","","","","10.0000","","",""
"United States(1)","Mobile(251)","1537","","","","10.0000","","",""
"United States(1)","Modesto(209)","519","","","","10.0000","","",""
"United States(1)","Monroe(318)","1498","","","","10.0000","","",""
"United States(1)","Montgomery(334)","1378","","","","10.0000","","",""
"United States(1)","Moorestown(856)","343","","","","10.0000","","",""
"United States(1)","Mountain View(650)","1282","","","","10.0000","","",""
"United States(1)","Mountholly(609)","1347","","","","10.0000","","",""
"United States(1)","Mountholly(609)","338","","","","10.0000","","",""
"United States(1)","Mountholly(609)","1096","","","","10.0000","","",""
"United States(1)","Murfreesboro(615)","1585","","","","10.0000","","",""
"United States(1)","Murrieta(951)","49","","","","10.0000","","",""
"United States(1)","Nashville(615)","501","","","","10.0000","","",""
"United States(1)","Nassau(516)","1451","","","","10.0000","","",""
"United States(1)","Nassau(631)","284","","","","10.0000","","",""
"United States(1)","New Bedford(508)","1469","","","","10.0000","","",""
"United States(1)","New Bedford(774)","1355","","","","10.0000","","",""
"United States(1)","New Brunswick(732)","422","","","","10.0000","","",""
"United States(1)","New Haven(203)","1216","","","","10.0000","","",""
"United States(1)","New Orleans(504)","1287","","","","10.0000","","",""
"United States(1)","New York(347)","1094","","","","10.0000","","",""
"United States(1)","New York(516)","172","","","","10.0000","","",""
"United States(1)","New York(646)","173","","","","10.0000","","",""
"United States(1)","New York(718)","174","","","","10.0000","","",""
"United States(1)","New York(914)","135","","","","10.0000","","",""
"United States(1)","New York(917)","536","","","","10.0000","","",""
"United States(1)","New York(212)","10","","","","10.0000","","",""
"United States(1)","New York(347)","264","","","","10.0000","","",""
"United States(1)","Newark(302)","617","","","","10.0000","","",""
"United States(1)","Newark(973)","278","","","","10.0000","","",""
"United States(1)","Norfolk(757)","1295","","","","10.0000","","",""
"United States(1)","North Dade(305)","492","","","","10.0000","","",""
"United States(1)","North Dade(786)","1475","","","","10.0000","","",""
"United States(1)","Norwalk(562)","1424","","","","10.0000","","",""
"United States(1)","Oakland(510)","36","","","","10.0000","","",""
"United States(1)","Oceanside(760)","527","","","","10.0000","","",""
"United States(1)","Oklahoma City(405)","1285","","","","10.0000","","",""
"United States(1)","Omaha(402)","1201","","","","10.0000","","",""
"United States(1)","Ontario(909)","50","","","","10.0000","","",""
"United States(1)","Orange(714)","635","","","","10.0000","","",""
"United States(1)","Orange(973)","426","","","","10.0000","","",""
"United States(1)","Orlando(321)","405","","","","10.0000","","",""
"United States(1)","Oxnard(805)","1356","","","","10.0000","","",""
"United States(1)","Pahrump(775)","1225","","","","10.0000","","",""
"United States(1)","Palmdale(661)","632","","","","10.0000","","",""
"United States(1)","Palo Alto(650)","117","","","","10.0000","","",""
"United States(1)","Pasadena(626)","607","","","","10.0000","","",""
"United States(1)","Pasadena(818)","1300","","","","10.0000","","",""
"United States(1)","Passaic(973)","427","","","","10.0000","","",""
"United States(1)","Paterson(973)","423","","","","10.0000","","",""
"United States(1)","Perris(951)","1520","","","","10.0000","","",""
"United States(1)","Perth Amboy(732)","424","","","","10.0000","","",""
"United States(1)","Philadelphia(215)","365","","","","10.0000","","",""
"United States(1)","Philadelphia(267)","586","","","","10.0000","","",""
"United States(1)","Phoenix(480)","250","","","","10.0000","","",""
"United States(1)","Phoenix(602)","251","","","","10.0000","","",""
"United States(1)","Phoenix(623)","1221","","","","10.0000","","",""
"United States(1)","Phoenixville(484)","389","","","","10.0000","","",""
"United States(1)","Pittsburgh(412)","565","","","","10.0000","","",""
"United States(1)","Plainfield(908)","425","","","","10.0000","","",""
"United States(1)","Plano(972)","1279","","","","10.0000","","",""
"United States(1)","Pleasanton(925)","593","","","","10.0000","","",""
"United States(1)","Pomona(909)","532","","","","10.0000","","",""
"United States(1)","Pompano Beach(754)","1473","","","","10.0000","","",""
"United States(1)","Pompano Beach(954)","402","","","","10.0000","","",""
"United States(1)","Portland(207)","1267","","","","10.0000","","",""
"United States(1)","Portland(503)","109","","","","10.0000","","",""
"United States(1)","Pottstown(610)","437","","","","10.0000","","",""
"United States(1)","Princeton(609)","339","","","","10.0000","","",""
"United States(1)","Providence(401)","283","","","","10.0000","","",""
"United States(1)","Provo(801)","553","","","","10.0000","","",""
"United States(1)","Pueblo(719)","1511","","","","10.0000","","",""
"United States(1)","Queens(718)","401","","","","10.0000","","",""
"United States(1)","Rahway(732)","433","","","","10.0000","","",""
"United States(1)","Raleigh(919)","1231","","","","10.0000","","",""
"United States(1)","Ramona(760)","1515","","","","10.0000","","",""
"United States(1)","Rancho Penasquitos(858)","1303","","","","10.0000","","",""
"United States(1)","Rapid City(605)","1208","","","","10.0000","","",""
"United States(1)","Redding(530)","1308","","","","10.0000","","",""
"United States(1)","Redwood City(650)","473","","","","10.0000","","",""
"United States(1)","Reno(775)","113","","","","10.0000","","",""
"United States(1)","Richmond(804)","568","","","","10.0000","","",""
"United States(1)","Ridgecrest(760)","44","","","","10.0000","","",""
"United States(1)","Ridgewood(201)","1087","","","","10.0000","","",""
"United States(1)","Ridgewood(201)","584","","","","10.0000","","",""
"United States(1)","Riverside(951)","535","","","","10.0000","","",""
"United States(1)","Robstown(361)","1452","","","","10.0000","","",""
"United States(1)","Rochester(585)","1289","","","","10.0000","","",""
"United States(1)","Roswell(575)","1506","","","","10.0000","","",""
"United States(1)","Sacramento(916)","533","","","","10.0000","","",""
"United States(1)","Saddleback Valley(949)","52","","","","10.0000","","",""
"United States(1)","Salem(503)","1271","","","","10.0000","","",""
"United States(1)","Salinas(831)","604","","","","10.0000","","",""
"United States(1)","Salt Lake City(801)","110","","","","10.0000","","",""
"United States(1)","San Antonio(210)","615","","","","10.0000","","",""
"United States(1)","San Bernardino(909)","531","","","","10.0000","","",""
"United States(1)","San Diego(619)","38","","","","10.0000","","",""
"United States(1)","San Diego(858)","48","","","","10.0000","","",""
"United States(1)","San Fernando(818)","1301","","","","10.0000","","",""
"United States(1)","San Fernando(818)","1359","","","","10.0000","","",""
"United States(1)","San Francisco(925)","164","","","","10.0000","","",""
"United States(1)","San Francisco(415)","35","","","","10.0000","","",""
"United States(1)","San Jose(408)","34","","","","10.0000","","",""
"United States(1)","San Mateo(650)","40","","","","10.0000","","",""
"United States(1)","San Pedro(310)","832","","","","10.0000","","",""
"United States(1)","San Rafael(415)","116","","","","10.0000","","",""
"United States(1)","Santa Ana(714)","526","","","","10.0000","","",""
"United States(1)","Santa Barbara(805)","1357","","","","10.0000","","",""
"United States(1)","Santa Cruz(831)","306","","","","10.0000","","",""
"United States(1)","Santa Fe(505)","1202","","","","10.0000","","",""
"United States(1)","Santa Rosa(707)","1114","","","","10.0000","","",""
"United States(1)","Savannah(912)","1277","","","","10.0000","","",""
"United States(1)","Seattle(206)","111","","","","10.0000","","",""
"United States(1)","Shreveport(318)","1379","","","","10.0000","","",""
"United States(1)","Sierra Vista(520)","1505","","","","10.0000","","",""
"United States(1)","Simi Valley(805)","858","","","","10.0000","","",""
"United States(1)","Sioux Falls(605)","1210","","","","10.0000","","",""
"United States(1)","Southampton(631)","407","","","","10.0000","","",""
"United States(1)","Spartanburg(864)","1535","","","","10.0000","","",""
"United States(1)","Spokane(509)","112","","","","10.0000","","",""
"United States(1)","Springfield(413)","289","","","","10.0000","","",""
"United States(1)","Springfield(417)","1501","","","","10.0000","","",""
"United States(1)","St  Louis(314)","506","","","","10.0000","","",""
"United States(1)","St George(435)","1502","","","","10.0000","","",""
"United States(1)","St Petersburg(727)","564","","","","10.0000","","",""
"United States(1)","Staten Island(718)","454","","","","10.0000","","",""
"United States(1)","Stockton(209)","520","","","","10.0000","","",""
"United States(1)","Sunnyvale(408)","1138","","","","10.0000","","",""
"United States(1)","Sunnyvale(408)","637","","","","10.0000","","",""
"United States(1)","Syracuse(315)","1200","","","","10.0000","","",""
"United States(1)","Tacoma(253)","558","","","","10.0000","","",""
"United States(1)","Tampa(813)","563","","","","10.0000","","",""
"United States(1)","Temecula(951)","1519","","","","10.0000","","",""
"United States(1)","Thousand Oaks(805)","859","","","","10.0000","","",""
"United States(1)","Toll-free(866)","867","","","","10.0000","","",""
"United States(1)","Toll-free(877)","839","","","","10.0000","","",""
"United States(1)","Topeka(785)","1517","","","","10.0000","","",""
"United States(1)","Torrance(310)","606","","","","10.0000","","",""
"United States(1)","Trabuco(949)","1687","","","","10.0000","","",""
"United States(1)","Trenton(609)","1531","","","","10.0000","","",""
"United States(1)","Triangle(703)","630","","","","10.0000","","",""
"United States(1)","Troy(248)","325","","","","10.0000","","",""
"United States(1)","Tucson(520)","638","","","","10.0000","","",""
"United States(1)","Tulsa(539)","1470","","","","10.0000","","",""
"United States(1)","Tulsa(918)","1296","","","","10.0000","","",""
"United States(1)","Tuscaloosa(205)","1533","","","","10.0000","","",""
"United States(1)","Twin Cities(612)","1290","","","","10.0000","","",""
"United States(1)","Twin Cities(763)","1372","","","","10.0000","","",""
"United States(1)","Upper Darby(610)","432","","","","10.0000","","",""
"United States(1)","Vallejo(707)","855","","","","10.0000","","",""
"United States(1)","Van Nuys(818)","1302","","","","10.0000","","",""
"United States(1)","Van Nuys(818)","1358","","","","10.0000","","",""
"United States(1)","Vancouver(360)","559","","","","10.0000","","",""
"United States(1)","Ventura Central(805)","941","","","","10.0000","","",""
"United States(1)","Vero Beach(772)","580","","","","10.0000","","",""
"United States(1)","Vero Beach(772)","1171","","","","10.0000","","",""
"United States(1)","Visalia(559)","1345","","","","10.0000","","",""
"United States(1)","Waltham(781)","846","","","","10.0000","","",""
"United States(1)","Warren(586)","326","","","","10.0000","","",""
"United States(1)","Washington(301)","1257","","","","10.0000","","",""
"United States(1)","Washington(571)","1346","","","","10.0000","","",""
"United States(1)","Washington(703)","669","","","","10.0000","","",""
"United States(1)","Washington  DC(202)","28","","","","10.0000","","",""
"United States(1)","Waterlo(443)","1525","","","","10.0000","","",""
"United States(1)","Waterlo(410)","1258","","","","10.0000","","",""
"United States(1)","West Los Angeles(310)","1467","","","","10.0000","","",""
"United States(1)","West Palm Beach(561)","587","","","","10.0000","","",""
"United States(1)","Westchester(914)","592","","","","10.0000","","",""
"United States(1)","Wichita(316)","1284","","","","10.0000","","",""
"United States(1)","Wilmington(302)","614","","","","10.0000","","",""
"United States(1)","Wilmington(910)","1518","","","","10.0000","","",""
"United States(1)","Woodbridge(732)","590","","","","10.0000","","",""
"United States(1)","Worcester(508)","288","","","","10.0000","","",""
"United States(1)","Yuma(928)","1361","","","","10.0000","","",""
"Venezuela(58)","Barquisimeto(251)","784","","","","10.0000","","",""
"Venezuela(58)","Caracas(212)","597","","","","10.0000","","",""
"Venezuela(58)","Maracaibo(261)","494","","","","10.0000","","",""
"Venezuela(58)","Maracay(243)","833","","","","10.0000","","",""
"Venezuela(58)","Puerto Ordaz(286)","924","","","","10.0000","","",""
"Venezuela(58)","Valencia(241)","783","","","","10.0000","","",""
"Vietnam(84)","Hanoi(4)","1495","","","","10.0000","","Yes",""
"Vietnam(84)","Ho Chi Minh(8)","1496","","","","10.0000","","Yes",""
